property_id,host_id,host_name,host_img_url,host_verifications
11156,1,Link,http://127.0.0.1:5000/uploads/?img_name=h1.png,"['email', 'phone', 'reviews']"
12351,1,Link,http://127.0.0.1:5000/uploads/?img_name=h1.png,"['email', 'phone', 'manual_online', 'reviews', 'manual_offline', 'offline_government_id', 'government_id', 'work_email']"
15253,1,Link,http://127.0.0.1:5000/uploads/?img_name=h1.png,"['email', 'phone', 'facebook', 'reviews', 'jumio', 'offline_government_id', 'government_id']"
44545,1,Link,http://127.0.0.1:5000/uploads/?img_name=h1.png,"['email', 'phone', 'facebook', 'reviews', 'jumio', 'government_id']"
57183,1623151,Susan,https://a0.muscache.com/im/users/1623151/profile_pic/1401480385/original.jpg?aki_policy=profile_x_medium,"['email', 'phone', 'facebook', 'reviews', 'jumio', 'government_id']"
58506,279955,John,https://a0.muscache.com/im/pictures/user/dd4ec6fe-7878-4d43-a9ff-d58f719597a8.jpg?aki_policy=profile_x_medium,"['email', 'phone', 'facebook', 'reviews', 'jumio', 'offline_government_id', 'government_id']"
61721,299170,Eilish,https://a0.muscache.com/im/users/299170/profile_pic/1296558246/original.jpg?aki_policy=profile_x_medium,"['email', 'phone', 'facebook', 'reviews']"
65126,318390,Nicolette,https://a0.muscache.com/im/pictures/user/5c245fb7-5847-4631-8305-e0521f0bf899.jpg?aki_policy=profile_x_medium,"['email', 'phone', 'reviews', 'jumio', 'offline_government_id', 'selfie', 'government_id', 'work_email']"
66009,322887,Belinda,https://a0.muscache.com/im/pictures/user/33cc7fc1-2f8d-43b9-8e8c-d75ce38a9673.jpg?aki_policy=profile_x_medium,"['email', 'phone', 'reviews', 'jumio', 'offline_government_id', 'selfie', 'government_id']"
66158,323771,Maxine,https://a0.muscache.com/im/users/323771/profile_pic/1387541848/original.jpg?aki_policy=profile_x_medium,"['email', 'phone', 'facebook', 'google', 'reviews', 'kba']"
69121,345292,Pamela,https://a0.muscache.com/im/users/345292/profile_pic/1296173550/original.jpg?aki_policy=profile_x_medium,"['email', 'phone', 'facebook', 'google', 'reviews', 'jumio', 'government_id']"
69956,352614,Ben,https://a0.muscache.com/im/users/352614/profile_pic/1305188360/original.jpg?aki_policy=profile_x_medium,"['email', 'phone', 'reviews', 'jumio', 'offline_government_id', 'selfie', 'government_id', 'identity_manual']"
71866,292913,Maz,https://a0.muscache.com/im/pictures/user/38a75c29-868b-48b0-bb8b-19ba58c7f0b7.jpg?aki_policy=profile_x_medium,"['email', 'phone', 'reviews', 'jumio', 'offline_government_id', 'government_id', 'work_email']"
73628,385108,Dan,https://a0.muscache.com/im/pictures/user/a447945f-585a-4fc2-bd8c-5ae097510a25.jpg?aki_policy=profile_x_medium,"['email', 'phone', 'facebook', 'reviews', 'jumio', 'offline_government_id', 'government_id']"
73639,17061,Stuart,https://a0.muscache.com/im/users/17061/profile_pic/1425534501/original.jpg?aki_policy=profile_x_medium,"['email', 'phone', 'manual_online', 'reviews', 'manual_offline', 'offline_government_id', 'government_id', 'work_email']"
75702,402292,Helen,https://a0.muscache.com/im/users/402292/profile_pic/1397168958/original.jpg?aki_policy=profile_x_medium,"['email', 'phone', 'reviews', 'jumio', 'government_id']"
79624,429171,Jude,https://a0.muscache.com/im/users/429171/profile_pic/1391041342/original.jpg?aki_policy=profile_x_medium,"['email', 'phone', 'facebook', 'reviews']"
79912,431242,Karen,https://a0.muscache.com/im/pictures/user/8dead74f-7cc1-4514-afd8-7af20551b663.jpg?aki_policy=profile_x_medium,"['email', 'phone', 'google', 'reviews', 'jumio', 'offline_government_id', 'government_id', 'work_email']"
86853,476047,Ann,https://a0.muscache.com/im/users/476047/profile_pic/1389556540/original.jpg?aki_policy=profile_x_medium,"['email', 'phone', 'facebook', 'reviews', 'offline_government_id', 'selfie', 'government_id', 'identity_manual']"
87709,480315,Marianne,https://a0.muscache.com/im/users/480315/profile_pic/1301818254/original.jpg?aki_policy=profile_x_medium,"['email', 'phone', 'reviews', 'work_email']"
103273,172878,Christopher,https://a0.muscache.com/im/users/172878/profile_pic/1279607813/original.jpg?aki_policy=profile_x_medium,"['phone', 'reviews', 'jumio', 'government_id']"
104380,543277,Joseph,https://a0.muscache.com/im/users/543277/profile_pic/1304042390/original.jpg?aki_policy=profile_x_medium,"['email', 'phone', 'reviews']"
104393,543277,Joseph,https://a0.muscache.com/im/users/543277/profile_pic/1304042390/original.jpg?aki_policy=profile_x_medium,"['email', 'phone', 'reviews']"
108522,359706,Saysana,https://a0.muscache.com/im/users/359706/profile_pic/1403238279/original.jpg?aki_policy=profile_x_medium,"['email', 'phone', 'facebook', 'reviews', 'jumio', 'government_id', 'work_email']"
118658,599232,James,https://a0.muscache.com/im/users/599232/profile_pic/1317603026/original.jpg?aki_policy=profile_x_medium,"['email', 'phone', 'reviews']"
135691,501973,Francine,https://a0.muscache.com/im/pictures/user/b04156f3-9530-45cf-b6a9-bf81f8da14f7.jpg?aki_policy=profile_x_medium,"['email', 'phone', 'facebook', 'reviews', 'jumio', 'offline_government_id', 'selfie', 'government_id', 'identity_manual']"
143247,695202,Donny,https://a0.muscache.com/im/users/695202/profile_pic/1400497719/original.jpg?aki_policy=profile_x_medium,"['email', 'phone', 'facebook', 'reviews', 'jumio', 'offline_government_id', 'government_id', 'work_email']"
143280,695349,Family Team -,https://a0.muscache.com/im/users/695349/profile_pic/1321178165/original.jpg?aki_policy=profile_x_medium,"['phone', 'reviews', 'offline_government_id', 'government_id']"
153444,733574,Tobias,https://a0.muscache.com/im/pictures/user/2560d472-865d-4044-adf6-644c227a5da0.jpg?aki_policy=profile_x_medium,"['email', 'phone', 'facebook', 'reviews', 'jumio', 'offline_government_id', 'government_id', 'work_email']"
166468,519216,Godelieve,https://a0.muscache.com/im/pictures/user/7ddd89ca-3eb8-4ab0-b1d1-ed1219487253.jpg?aki_policy=profile_x_medium,"['email', 'phone', 'reviews', 'jumio', 'government_id']"
199669,975349,Susie,https://a0.muscache.com/im/users/975349/profile_pic/1397286692/original.jpg?aki_policy=profile_x_medium,"['email', 'phone', 'facebook', 'reviews', 'jumio', 'government_id', 'work_email']"
210439,519412,Sarah,https://a0.muscache.com/im/users/519412/profile_pic/1413845769/original.jpg?aki_policy=profile_x_medium,"['email', 'phone', 'facebook', 'reviews', 'jumio', 'government_id']"
219030,490291,Ingrid,https://a0.muscache.com/im/users/490291/profile_pic/1384479373/original.jpg?aki_policy=profile_x_medium,"['email', 'phone', 'facebook', 'reviews', 'jumio', 'offline_government_id', 'government_id']"
222559,433633,Ruth,https://a0.muscache.com/im/users/433633/profile_pic/1407911568/original.jpg?aki_policy=profile_x_medium,"['email', 'phone', 'facebook', 'reviews', 'manual_offline', 'jumio', 'offline_government_id', 'government_id']"
226202,324467,Greg,https://a0.muscache.com/im/users/324467/profile_pic/1313407709/original.jpg?aki_policy=profile_x_medium,"['email', 'phone', 'facebook', 'reviews', 'jumio', 'selfie', 'government_id', 'identity_manual']"
232782,1012161,Kirsteen,https://a0.muscache.com/im/users/1012161/profile_pic/1331072966/original.jpg?aki_policy=profile_x_medium,"['email', 'phone', 'facebook', 'reviews', 'jumio', 'government_id', 'work_email']"
232793,433633,Ruth,https://a0.muscache.com/im/users/433633/profile_pic/1407911568/original.jpg?aki_policy=profile_x_medium,"['email', 'phone', 'facebook', 'reviews', 'manual_offline', 'jumio', 'offline_government_id', 'government_id']"
232795,433633,Ruth,https://a0.muscache.com/im/users/433633/profile_pic/1407911568/original.jpg?aki_policy=profile_x_medium,"['email', 'phone', 'facebook', 'reviews', 'manual_offline', 'jumio', 'offline_government_id', 'government_id']"
236590,1240169,Margaret,https://a0.muscache.com/im/users/1240169/profile_pic/1318849136/original.jpg?aki_policy=profile_x_medium,"['email', 'phone', 'facebook', 'reviews']"
249100,1305178,Judy,https://a0.muscache.com/im/users/1305178/profile_pic/1318919879/original.jpg?aki_policy=profile_x_medium,"['email', 'phone', 'reviews', 'jumio', 'offline_government_id', 'government_id']"
249158,1305383,Beachside,https://a0.muscache.com/im/pictures/user/92801e0c-a41b-4224-94a4-e56c2dc02cc8.jpg?aki_policy=profile_x_medium,"['email', 'phone', 'reviews', 'jumio', 'offline_government_id', 'government_id', 'work_email']"
249998,1310233,Stefanie,https://a0.muscache.com/im/pictures/user/208cfdb2-3b5a-4ed0-a9a2-848f04206fb8.jpg?aki_policy=profile_x_medium,"['email', 'phone', 'facebook', 'reviews', 'jumio', 'government_id']"
250821,299170,Eilish,https://a0.muscache.com/im/users/299170/profile_pic/1296558246/original.jpg?aki_policy=profile_x_medium,"['email', 'phone', 'facebook', 'reviews']"
252427,1214840,Jenni,https://a0.muscache.com/im/users/1214840/profile_pic/1329943385/original.jpg?aki_policy=profile_x_medium,"['email', 'phone', 'facebook', 'reviews', 'jumio', 'government_id']"
259857,673365,Marie,https://a0.muscache.com/im/users/673365/profile_pic/1311662526/original.jpg?aki_policy=profile_x_medium,"['email', 'phone', 'reviews', 'manual_offline']"
271182,140484,Bronwyn,https://a0.muscache.com/im/users/140484/profile_pic/1275990839/original.jpg?aki_policy=profile_x_medium,"['email', 'phone', 'reviews', 'jumio', 'selfie', 'government_id', 'identity_manual']"
273673,1431845,Sebastien,https://a0.muscache.com/im/users/1431845/profile_pic/1321958353/original.jpg?aki_policy=profile_x_medium,"['email', 'phone']"
275625,1440754,Lynda,https://a0.muscache.com/im/users/1440754/profile_pic/1323085101/original.jpg?aki_policy=profile_x_medium,"['email', 'phone', 'reviews', 'jumio', 'offline_government_id', 'government_id']"
276617,1261500,Hugh,https://a0.muscache.com/im/pictures/user/92b781e1-f110-4917-bc53-532ce2c01bc9.jpg?aki_policy=profile_x_medium,"['email', 'phone', 'facebook', 'reviews', 'jumio', 'government_id', 'work_email']"
283378,1475640,Joe,https://a0.muscache.com/im/users/1475640/profile_pic/1323150140/original.jpg?aki_policy=profile_x_medium,"['email', 'phone', 'manual_online', 'reviews', 'manual_offline']"
286924,91931192,Zara,https://a0.muscache.com/im/pictures/user/5fbd85b1-8daf-4397-a7a9-8edbaf41ffab.jpg?aki_policy=profile_x_medium,"['email', 'phone', 'reviews']"
287388,1495023,Jess,https://a0.muscache.com/im/pictures/user/8f97edcf-ac7c-46ee-bf8b-91ece637bafa.jpg?aki_policy=profile_x_medium,"['email', 'phone', 'facebook', 'reviews', 'jumio', 'government_id', 'work_email']"
288359,1499246,Coleen,https://a0.muscache.com/im/users/1499246/profile_pic/1324446265/original.jpg?aki_policy=profile_x_medium,"['email', 'phone', 'reviews']"
288671,241834,Sonke,https://a0.muscache.com/im/pictures/user/0bd9fcd0-6df6-4ae1-ab14-8631b27cd0df.jpg?aki_policy=profile_x_medium,"['email', 'phone', 'facebook', 'reviews', 'jumio', 'government_id']"
290929,1508328,Edwina,https://a0.muscache.com/im/users/1508328/profile_pic/1323990098/original.jpg?aki_policy=profile_x_medium,"['email', 'phone', 'facebook', 'reviews', 'jumio', 'government_id', 'work_email']"
291782,107189,Gab,https://a0.muscache.com/im/pictures/user/3c82bb34-f12e-4b76-9a1f-4ee7f2989d11.jpg?aki_policy=profile_x_medium,"['email', 'phone', 'reviews', 'offline_government_id', 'government_id']"
293951,1520375,Carrie,https://a0.muscache.com/im/pictures/user/09d7e197-8dbc-4084-afb4-4f5d5c8464dc.jpg?aki_policy=profile_x_medium,"['email', 'phone', 'reviews', 'jumio', 'government_id']"
299749,1544990,Lucy,https://a0.muscache.com/im/users/1544990/profile_pic/1325136462/original.jpg?aki_policy=profile_x_medium,"['email', 'phone', 'reviews', 'jumio', 'offline_government_id', 'government_id']"
304835,209719,Angelique,https://a0.muscache.com/im/pictures/user/0eba61e1-46e5-4583-b54c-83a65693a5ba.jpg?aki_policy=profile_x_medium,"['email', 'phone', 'reviews', 'jumio', 'government_id']"
304990,1569368,Deborah,https://a0.muscache.com/im/users/1569368/profile_pic/1325765086/original.jpg?aki_policy=profile_x_medium,"['email', 'phone', 'manual_online', 'facebook', 'reviews', 'manual_offline', 'jumio', 'offline_government_id', 'selfie', 'government_id', 'identity_manual']"
315059,1288103,Anna,https://a0.muscache.com/im/pictures/user/16af6920-5d48-412f-a49e-72cd5cee343f.jpg?aki_policy=profile_x_medium,"['phone', 'reviews', 'jumio', 'offline_government_id', 'selfie', 'government_id', 'identity_manual']"
326040,299170,Eilish,https://a0.muscache.com/im/users/299170/profile_pic/1296558246/original.jpg?aki_policy=profile_x_medium,"['email', 'phone', 'facebook', 'reviews']"
338130,1718175,Joana,https://a0.muscache.com/im/users/1718175/profile_pic/1349525686/original.jpg?aki_policy=profile_x_medium,"['email', 'reviews']"
348891,201611,Deborah,https://a0.muscache.com/im/pictures/user/5751e664-592c-4f3e-96de-8d154940b363.jpg?aki_policy=profile_x_medium,"['email', 'phone', 'facebook', 'reviews', 'jumio', 'offline_government_id', 'government_id', 'work_email']"
352147,1783493,Michelle,https://a0.muscache.com/im/users/1783493/profile_pic/1329801358/original.jpg?aki_policy=profile_x_medium,"['email', 'phone', 'reviews', 'jumio', 'government_id']"
357543,1569368,Deborah,https://a0.muscache.com/im/users/1569368/profile_pic/1325765086/original.jpg?aki_policy=profile_x_medium,"['email', 'phone', 'manual_online', 'facebook', 'reviews', 'manual_offline', 'jumio', 'offline_government_id', 'selfie', 'government_id', 'identity_manual']"
360141,1821747,Scott,https://a0.muscache.com/im/users/1821747/profile_pic/1330396968/original.jpg?aki_policy=profile_x_medium,"['email', 'phone', 'reviews', 'manual_offline', 'jumio', 'offline_government_id', 'government_id']"
361912,1829259,Martha,https://a0.muscache.com/im/users/1829259/profile_pic/1330500197/original.jpg?aki_policy=profile_x_medium,"['email', 'phone', 'manual_online', 'reviews', 'manual_offline']"
363237,1835730,Mina,https://a0.muscache.com/im/users/1835730/profile_pic/1408517834/original.jpg?aki_policy=profile_x_medium,"['email', 'phone', 'reviews']"
363282,1835060,Sarah,https://a0.muscache.com/im/pictures/user/26e93deb-fad8-47dd-983b-9fa41eba2b8e.jpg?aki_policy=profile_x_medium,"['email', 'phone', 'facebook', 'reviews', 'jumio', 'offline_government_id', 'selfie', 'government_id', 'identity_manual']"
365806,1847265,Vicki,https://a0.muscache.com/im/users/1847265/profile_pic/1330766247/original.jpg?aki_policy=profile_x_medium,"['email', 'phone', 'reviews', 'offline_government_id', 'selfie', 'government_id', 'identity_manual']"
365953,1827246,Jen,https://a0.muscache.com/im/users/1827246/profile_pic/1385731954/original.jpg?aki_policy=profile_x_medium,"['email', 'phone', 'reviews', 'jumio', 'offline_government_id', 'selfie', 'government_id', 'identity_manual']"
366856,1852102,Ann And Mad,https://a0.muscache.com/im/users/1852102/profile_pic/1434148253/original.jpg?aki_policy=profile_x_medium,"['email', 'phone', 'reviews', 'offline_government_id', 'selfie', 'government_id', 'identity_manual', 'work_email']"
366857,1852102,Ann And Mad,https://a0.muscache.com/im/users/1852102/profile_pic/1434148253/original.jpg?aki_policy=profile_x_medium,"['email', 'phone', 'reviews', 'offline_government_id', 'selfie', 'government_id', 'identity_manual', 'work_email']"
368282,1859504,Deborah,https://a0.muscache.com/im/pictures/user/8ad84f55-9b71-4a1f-be82-a3ea7882955a.jpg?aki_policy=profile_x_medium,"['email', 'phone', 'facebook', 'reviews', 'jumio', 'offline_government_id', 'government_id']"
381091,1905189,Michael,https://a0.muscache.com/im/pictures/user/1ed47c1d-879b-4ea5-b552-8c7644b2f3e2.jpg?aki_policy=profile_x_medium,"['email', 'phone', 'reviews', 'jumio', 'government_id']"
386997,1936434,Thais,https://a0.muscache.com/im/pictures/user/794cdf58-2ae5-4726-944b-c7e76698c9bc.jpg?aki_policy=profile_x_medium,"['email', 'phone', 'facebook', 'reviews', 'jumio', 'offline_government_id', 'government_id']"
389876,1943399,Paul And Raymond,https://a0.muscache.com/im/pictures/user/0e4bac21-2274-4e5e-a9a2-1900737df8c2.jpg?aki_policy=profile_x_medium,"['email', 'phone', 'reviews', 'jumio', 'offline_government_id', 'government_id', 'work_email']"
394550,1972588,Jac,https://a0.muscache.com/im/pictures/user/75d59415-9efe-4ab9-869e-93dbe3a015e4.jpg?aki_policy=profile_x_medium,"['email', 'phone', 'facebook', 'reviews', 'jumio', 'offline_government_id', 'selfie', 'government_id', 'identity_manual']"
403909,2013669,Claire,https://a0.muscache.com/im/users/2013669/profile_pic/1376160480/original.jpg?aki_policy=profile_x_medium,"['email', 'phone', 'reviews']"
405432,2020595,Amanda & Darren,https://a0.muscache.com/im/users/2020595/profile_pic/1390378606/original.jpg?aki_policy=profile_x_medium,"['email', 'phone', 'reviews', 'jumio', 'offline_government_id', 'government_id']"
408330,1911628,Cathy,https://a0.muscache.com/im/pictures/user/ec781962-5024-48d1-a214-e9237811bf72.jpg?aki_policy=profile_x_medium,"['email', 'phone', 'reviews', 'jumio', 'government_id']"
409800,304907,Paul,https://a0.muscache.com/im/pictures/user/814c175d-e42b-4173-bc32-f15a9bcfd7fb.jpg?aki_policy=profile_x_medium,"['email', 'phone', 'facebook', 'reviews', 'manual_offline', 'jumio', 'government_id', 'work_email']"
410073,2041405,Tabitha And Alastair,https://a0.muscache.com/im/users/2041405/profile_pic/1333236859/original.jpg?aki_policy=profile_x_medium,"['email', 'phone', 'facebook', 'reviews', 'jumio', 'government_id']"
411828,1391360,Joanne,https://a0.muscache.com/im/users/1391360/profile_pic/1432263317/original.jpg?aki_policy=profile_x_medium,"['email', 'phone', 'facebook', 'reviews', 'jumio', 'government_id']"
412079,451946,Rob,https://a0.muscache.com/im/users/451946/profile_pic/1309420595/original.jpg?aki_policy=profile_x_medium,"['email', 'phone', 'reviews', 'offline_government_id', 'selfie', 'government_id']"
418136,2079008,Jenny,https://a0.muscache.com/im/users/2079008/profile_pic/1334703222/original.jpg?aki_policy=profile_x_medium,"['email', 'phone', 'reviews', 'jumio', 'selfie', 'government_id', 'identity_manual']"
418480,228864,Craig,https://a0.muscache.com/im/users/228864/profile_pic/1333711020/original.jpg?aki_policy=profile_x_medium,"['email', 'phone', 'facebook', 'reviews', 'offline_government_id', 'selfie', 'government_id', 'identity_manual', 'work_email']"
421997,2098455,Leigh & Phillip,https://a0.muscache.com/im/pictures/user/2476f18f-6bb4-4a8b-a053-a46e1c561065.jpg?aki_policy=profile_x_medium,"['email', 'phone', 'reviews', 'jumio', 'selfie', 'government_id', 'identity_manual']"
426879,2122483,Anna,https://a0.muscache.com/im/pictures/user/52c60a59-6e40-427f-a52a-5c9d7d4928a8.jpg?aki_policy=profile_x_medium,"['email', 'phone', 'reviews', 'jumio', 'offline_government_id', 'government_id']"
429733,606003,Jo,https://a0.muscache.com/im/pictures/user/49186d40-413d-436a-9330-8ac894500e97.jpg?aki_policy=profile_x_medium,"['email', 'phone', 'reviews', 'jumio', 'offline_government_id', 'selfie', 'government_id']"
440213,1864730,Maggie,https://a0.muscache.com/im/users/1864730/profile_pic/1407547299/original.jpg?aki_policy=profile_x_medium,"['email', 'phone', 'reviews', 'jumio', 'offline_government_id', 'selfie', 'government_id', 'identity_manual']"
444772,167693,Mandy,https://a0.muscache.com/im/pictures/user/715be415-64dd-4902-90c5-f0464fbe56b6.jpg?aki_policy=profile_x_medium,"['email', 'phone', 'facebook', 'reviews', 'jumio', 'offline_government_id', 'selfie', 'government_id', 'identity_manual']"
444977,2210950,Robert,https://a0.muscache.com/im/users/2210950/profile_pic/1335272692/original.jpg?aki_policy=profile_x_medium,"['email', 'phone', 'facebook', 'reviews', 'jumio', 'government_id']"
446570,2157195,Leonie,https://a0.muscache.com/im/users/2157195/profile_pic/1373748580/original.jpg?aki_policy=profile_x_medium,"['email', 'phone', 'reviews', 'manual_offline', 'offline_government_id', 'government_id']"
449750,2157195,Leonie,https://a0.muscache.com/im/users/2157195/profile_pic/1373748580/original.jpg?aki_policy=profile_x_medium,"['email', 'phone', 'reviews', 'manual_offline', 'offline_government_id', 'government_id']"
450017,2235120,Michael,https://a0.muscache.com/im/pictures/user/2234c372-85ab-4c35-b810-474a458c4c00.jpg?aki_policy=profile_x_medium,"['email', 'phone', 'reviews', 'jumio', 'offline_government_id', 'government_id']"
458203,113874,Bondi Beach Holiday Homes,https://a0.muscache.com/im/pictures/user/0f19e606-c9c8-4cc8-b0e6-ff5c20d67d94.jpg?aki_policy=profile_x_medium,"['email', 'phone', 'reviews', 'jumio', 'government_id']"
460109,2260791,Ursula,https://a0.muscache.com/im/users/2260791/profile_pic/1336112065/original.jpg?aki_policy=profile_x_medium,"['email', 'phone', 'facebook', 'reviews', 'jumio', 'offline_government_id', 'government_id']"
461984,2296153,Jane,https://a0.muscache.com/im/pictures/user/6e27d821-a4d8-45fc-908b-5cde81d160ed.jpg?aki_policy=profile_x_medium,"['email', 'phone', 'facebook', 'reviews']"
463282,2281364,Paul,https://a0.muscache.com/im/users/2281364/profile_pic/1336299563/original.jpg?aki_policy=profile_x_medium,"['email', 'phone', 'facebook', 'reviews']"
471389,490818,Craig,https://a0.muscache.com/im/users/490818/profile_pic/1302170696/original.jpg?aki_policy=profile_x_medium,"['email', 'phone', 'reviews', 'jumio', 'government_id', 'work_email']"
472566,2343880,Clive & Terese,https://a0.muscache.com/im/pictures/user/89c58bf4-2d56-4cfa-bb98-e47169308eb3.jpg?aki_policy=profile_x_medium,"['email', 'phone', 'facebook', 'reviews', 'jumio', 'government_id']"
475512,2357596,Loretta,https://a0.muscache.com/im/users/2357596/profile_pic/1432971252/original.jpg?aki_policy=profile_x_medium,"['email', 'phone', 'manual_online', 'reviews', 'manual_offline', 'jumio', 'offline_government_id', 'sent_id', 'government_id']"
481472,2384993,Sal,https://a0.muscache.com/im/users/2384993/profile_pic/1337146452/original.jpg?aki_policy=profile_x_medium,"['email', 'phone', 'reviews', 'jumio', 'government_id']"
496747,2453312,Kit,https://a0.muscache.com/im/users/2453312/profile_pic/1339657235/original.jpg?aki_policy=profile_x_medium,"['email', 'phone', 'reviews']"
498008,2351093,Mirko,https://a0.muscache.com/im/pictures/user/c47a0cc8-5768-4ccb-9e28-4ab59d3e6305.jpg?aki_policy=profile_x_medium,"['email', 'phone', 'facebook', 'reviews', 'jumio', 'offline_government_id', 'government_id']"
499631,2465634,Steven,https://a0.muscache.com/im/pictures/user/16a380f3-42ab-42ef-9f33-794adb0e8b47.jpg?aki_policy=profile_x_medium,"['email', 'phone', 'reviews', 'jumio', 'offline_government_id', 'selfie', 'government_id', 'identity_manual']"
501265,2473542,Colleen,https://a0.muscache.com/im/pictures/user/763dfab1-ed36-4e77-bf37-7c4290a2f040.jpg?aki_policy=profile_x_medium,"['email', 'phone', 'reviews', 'jumio', 'government_id']"
501382,2473959,Louise,https://a0.muscache.com/im/users/2473959/profile_pic/1338125406/original.jpg?aki_policy=profile_x_medium,"['email', 'phone', 'facebook', 'reviews', 'jumio', 'offline_government_id', 'government_id', 'work_email']"
509133,2509326,Cat,https://a0.muscache.com/im/users/2509326/profile_pic/1352810233/original.jpg?aki_policy=profile_x_medium,"['email', 'phone', 'reviews', 'jumio', 'offline_government_id', 'government_id']"
510654,2516280,Zoe,https://a0.muscache.com/im/users/2516280/profile_pic/1377407163/original.jpg?aki_policy=profile_x_medium,"['email', 'phone', 'facebook', 'reviews', 'jumio', 'government_id']"
516032,2529298,Cheryl,https://a0.muscache.com/im/pictures/user/01a5b9e4-732c-468e-bd97-987b1558db28.jpg?aki_policy=profile_x_medium,"['email', 'phone', 'reviews', 'offline_government_id', 'government_id']"
520737,577115,Rohan,https://a0.muscache.com/im/users/577115/profile_pic/1305089623/original.jpg?aki_policy=profile_x_medium,"['email', 'phone', 'facebook', 'reviews', 'jumio', 'offline_government_id', 'government_id', 'work_email']"
537851,2642660,Daniel,https://a0.muscache.com/im/users/2642660/profile_pic/1339747652/original.jpg?aki_policy=profile_x_medium,"['email', 'phone', 'facebook', 'reviews', 'jumio', 'government_id']"
539231,2649331,Ann-Maree & Malcolm,https://a0.muscache.com/im/users/2649331/profile_pic/1339819772/original.jpg?aki_policy=profile_x_medium,"['email', 'phone', 'reviews', 'jumio', 'offline_government_id', 'government_id']"
540974,2566971,Julia,https://a0.muscache.com/im/users/2566971/profile_pic/1339326130/original.jpg?aki_policy=profile_x_medium,"['email', 'phone', 'facebook', 'reviews', 'jumio', 'offline_government_id', 'government_id']"
546959,2689669,Mary,https://a0.muscache.com/im/users/2689669/profile_pic/1340184283/original.jpg?aki_policy=profile_x_medium,"['email', 'phone', 'reviews']"
547003,2689669,Mary,https://a0.muscache.com/im/users/2689669/profile_pic/1340184283/original.jpg?aki_policy=profile_x_medium,"['email', 'phone', 'reviews']"
555783,2733544,Mathieu,https://a0.muscache.com/im/pictures/user/1d59dc5f-22ff-4e37-85ae-a14f07b23c89.jpg?aki_policy=profile_x_medium,"['email', 'phone', 'facebook', 'reviews', 'manual_offline', 'jumio', 'selfie', 'government_id']"
556348,1189963,Adele,https://a0.muscache.com/im/pictures/user/d66f87f3-34a5-4439-bccd-8aa6f84cc388.jpg?aki_policy=profile_x_medium,"['email', 'phone', 'reviews', 'jumio', 'government_id']"
564646,2777137,Paul,https://a0.muscache.com/im/users/2777137/profile_pic/1340947682/original.jpg?aki_policy=profile_x_medium,"['email', 'phone', 'facebook', 'reviews', 'jumio', 'offline_government_id', 'selfie', 'government_id', 'identity_manual', 'work_email']"
571772,506662,Davo,https://a0.muscache.com/im/users/506662/profile_pic/1333335251/original.jpg?aki_policy=profile_x_medium,"['email', 'phone', 'facebook', 'reviews', 'jumio', 'offline_government_id', 'selfie', 'government_id', 'identity_manual']"
581732,2863847,Endellion,https://a0.muscache.com/im/users/2863847/profile_pic/1343544282/original.jpg?aki_policy=profile_x_medium,"['email', 'phone', 'reviews', 'work_email']"
583321,2874517,Ross,https://a0.muscache.com/im/users/2874517/profile_pic/1372214190/original.jpg?aki_policy=profile_x_medium,"['email', 'phone', 'facebook', 'reviews', 'jumio', 'offline_government_id', 'selfie', 'government_id', 'identity_manual']"
591662,1468090,Rahel,https://a0.muscache.com/im/users/1468090/profile_pic/1342151795/original.jpg?aki_policy=profile_x_medium,"['email', 'phone', 'reviews', 'manual_offline', 'jumio', 'government_id']"
592309,2076170,Felicity,https://a0.muscache.com/im/users/2076170/profile_pic/1438735291/original.jpg?aki_policy=profile_x_medium,"['email', 'phone', 'reviews', 'jumio', 'sent_id', 'government_id']"
593481,2931096,Kellie,https://a0.muscache.com/im/users/2931096/profile_pic/1389920840/original.jpg?aki_policy=profile_x_medium,"['email', 'phone', 'facebook', 'reviews', 'jumio', 'government_id']"
594776,2938681,Shushann,https://a0.muscache.com/im/pictures/user/9cee8849-276f-4c92-9fdf-2a02343aafc3.jpg?aki_policy=profile_x_medium,"['email', 'phone', 'facebook', 'reviews', 'jumio', 'government_id']"
606519,3004325,Mireille,https://a0.muscache.com/im/users/3004325/profile_pic/1342828995/original.jpg?aki_policy=profile_x_medium,"['email', 'phone']"
614739,3048738,Elise,https://a0.muscache.com/im/users/3048738/profile_pic/1343372920/original.jpg?aki_policy=profile_x_medium,"['email', 'phone', 'reviews', 'jumio', 'offline_government_id', 'selfie', 'government_id', 'identity_manual']"
616822,3046924,Contemporary Hotels,https://a0.muscache.com/im/users/3046924/profile_pic/1436148095/original.jpg?aki_policy=profile_x_medium,"['email', 'phone', 'reviews', 'jumio', 'offline_government_id', 'government_id', 'work_email']"
619474,1261500,Hugh,https://a0.muscache.com/im/pictures/user/92b781e1-f110-4917-bc53-532ce2c01bc9.jpg?aki_policy=profile_x_medium,"['email', 'phone', 'facebook', 'reviews', 'jumio', 'government_id', 'work_email']"
633322,3152466,Leah,https://a0.muscache.com/im/pictures/user/a86df01b-e3c0-4d9b-8e19-e2ecfd5901c5.jpg?aki_policy=profile_x_medium,"['email', 'phone', 'facebook', 'reviews', 'jumio', 'government_id']"
633795,3608297,Ruth,https://a0.muscache.com/im/pictures/user/b12bae05-1bbd-4482-bae2-75f17edc09c8.jpg?aki_policy=profile_x_medium,"['email', 'phone', 'reviews', 'jumio', 'offline_government_id', 'government_id']"
634581,3160934,Sue,https://a0.muscache.com/im/pictures/user/7526d55c-e77a-472d-b942-70e58a334fb5.jpg?aki_policy=profile_x_medium,"['email', 'phone', 'facebook', 'reviews', 'jumio', 'government_id']"
634590,2427911,Lennon,https://a0.muscache.com/im/users/2427911/profile_pic/1382950808/original.jpg?aki_policy=profile_x_medium,"['email', 'phone', 'facebook', 'reviews']"
639470,1288103,Anna,https://a0.muscache.com/im/pictures/user/16af6920-5d48-412f-a49e-72cd5cee343f.jpg?aki_policy=profile_x_medium,"['phone', 'reviews', 'jumio', 'offline_government_id', 'selfie', 'government_id', 'identity_manual']"
641123,3202540,Ruth,https://a0.muscache.com/im/users/3202540/profile_pic/1344485681/original.jpg?aki_policy=profile_x_medium,"['email', 'phone', 'facebook', 'reviews', 'jumio', 'offline_government_id', 'selfie', 'government_id', 'identity_manual']"
651495,944757,Dylan & Kate,https://a0.muscache.com/im/users/944757/profile_pic/1356237760/original.jpg?aki_policy=profile_x_medium,"['email', 'phone', 'reviews', 'jumio', 'government_id']"
651796,3275877,Elle,https://a0.muscache.com/im/pictures/user/82eb2a34-4c67-41be-ba09-01a8885a68f1.jpg?aki_policy=profile_x_medium,"['email', 'phone']"
653240,3284546,Nan,https://a0.muscache.com/im/pictures/user/e75f2bbf-0b1f-4e77-9eb1-9d954dc81b09.jpg?aki_policy=profile_x_medium,"['email', 'phone', 'reviews', 'manual_offline', 'jumio', 'government_id']"
653534,3287072,Gail,https://a0.muscache.com/im/pictures/user/3f548757-c0d6-443b-a674-f02877cce84a.jpg?aki_policy=profile_x_medium,"['email', 'phone', 'facebook']"
655953,3303253,Dan,https://a0.muscache.com/im/users/3303253/profile_pic/1345357444/original.jpg?aki_policy=profile_x_medium,"['email', 'phone', 'facebook', 'reviews', 'jumio', 'government_id', 'work_email']"
658720,1820335,Gabriel,https://a0.muscache.com/im/pictures/user/21011f60-fef5-4890-8429-64f4d104a19b.jpg?aki_policy=profile_x_medium,"['email', 'phone', 'reviews', 'offline_government_id', 'selfie', 'government_id', 'identity_manual']"
661144,3337868,Dante,https://a0.muscache.com/im/pictures/user/4b5d7df3-a732-40f3-a6df-06192b479dff.jpg?aki_policy=profile_x_medium,"['email', 'phone', 'jumio', 'offline_government_id', 'selfie', 'government_id', 'identity_manual']"
664353,2551056,Carolyn,https://a0.muscache.com/im/users/2551056/profile_pic/1348474814/original.jpg?aki_policy=profile_x_medium,"['email', 'phone', 'reviews', 'jumio', 'government_id']"
677230,576873,Morgan,https://a0.muscache.com/im/users/576873/profile_pic/1431650135/original.jpg?aki_policy=profile_x_medium,"['email', 'phone', 'reviews', 'jumio', 'government_id', 'work_email']"
686805,3437247,Max,https://a0.muscache.com/im/users/3437247/profile_pic/1346480720/original.jpg?aki_policy=profile_x_medium,"['email', 'phone', 'reviews', 'jumio', 'offline_government_id', 'government_id', 'work_email']"
698338,3579400,Tom,https://a0.muscache.com/im/users/3579400/profile_pic/1348743418/original.jpg?aki_policy=profile_x_medium,"['email', 'phone', 'reviews', 'jumio', 'government_id']"
698667,3511362,Bevan & Jen,https://a0.muscache.com/im/pictures/user/7aab7c69-e970-4e16-872d-1d4fc305e6b1.jpg?aki_policy=profile_x_medium,"['email', 'phone', 'reviews', 'jumio', 'government_id', 'work_email']"
699480,3587767,Marek,https://a0.muscache.com/im/users/3587767/profile_pic/1347841731/original.jpg?aki_policy=profile_x_medium,"['email', 'phone', 'reviews']"
701180,3255027,Antoinette,https://a0.muscache.com/im/pictures/user/62c2f18d-aab5-414c-81c7-1325a13f7ec4.jpg?aki_policy=profile_x_medium,"['email', 'phone', 'facebook', 'reviews', 'jumio', 'government_id']"
701670,3600837,Maryellen,https://a0.muscache.com/im/users/3600837/profile_pic/1347955854/original.jpg?aki_policy=profile_x_medium,"['phone', 'reviews', 'jumio', 'selfie', 'government_id', 'identity_manual']"
701914,2688277,Jennifer,https://a0.muscache.com/im/users/2688277/profile_pic/1347972396/original.jpg?aki_policy=profile_x_medium,"['email', 'phone', 'reviews', 'jumio', 'offline_government_id', 'selfie', 'government_id', 'work_email']"
706428,3630693,The Chee Bondi,https://a0.muscache.com/im/users/3630693/profile_pic/1348210220/original.jpg?aki_policy=profile_x_medium,"['email', 'phone', 'facebook', 'reviews', 'jumio', 'government_id']"
706542,3631357,Marianne And Martin,https://a0.muscache.com/im/users/3631357/profile_pic/1348216308/original.jpg?aki_policy=profile_x_medium,"['email', 'phone', 'facebook', 'reviews', 'jumio', 'offline_government_id', 'government_id']"
708819,825199,Askar And Zara,https://a0.muscache.com/im/users/825199/profile_pic/1348389460/original.jpg?aki_policy=profile_x_medium,"['email', 'phone', 'reviews', 'offline_government_id', 'government_id']"
709066,3648078,Camille,https://a0.muscache.com/im/users/3648078/profile_pic/1348398511/original.jpg?aki_policy=profile_x_medium,"['email', 'phone', 'facebook', 'reviews', 'jumio', 'offline_government_id', 'government_id']"
714131,3677397,Lili,https://a0.muscache.com/im/users/3677397/profile_pic/1348633926/original.jpg?aki_policy=profile_x_medium,"['email', 'phone', 'reviews', 'jumio', 'offline_government_id', 'selfie', 'government_id', 'identity_manual']"
718428,3705618,Veronica,https://a0.muscache.com/im/pictures/user/c5278652-2a0c-4541-ac15-bd09284abd0c.jpg?aki_policy=profile_x_medium,"['email', 'phone', 'reviews']"
718597,3706591,Felicity,https://a0.muscache.com/im/users/3706591/profile_pic/1348996712/original.jpg?aki_policy=profile_x_medium,"['email', 'phone', 'facebook', 'reviews', 'jumio', 'government_id']"
725235,3750190,Gary,https://a0.muscache.com/im/users/3750190/profile_pic/1350007111/original.jpg?aki_policy=profile_x_medium,"['email', 'phone', 'reviews', 'jumio', 'offline_government_id', 'government_id']"
725541,1943399,Paul And Raymond,https://a0.muscache.com/im/pictures/user/0e4bac21-2274-4e5e-a9a2-1900737df8c2.jpg?aki_policy=profile_x_medium,"['email', 'phone', 'reviews', 'jumio', 'offline_government_id', 'government_id', 'work_email']"
726883,3764639,Wyatt,https://a0.muscache.com/im/users/3764639/profile_pic/1352446107/original.jpg?aki_policy=profile_x_medium,"['email', 'phone', 'reviews', 'jumio', 'government_id']"
728222,1428280,Carl,https://a0.muscache.com/im/users/1428280/profile_pic/1321874526/original.jpg?aki_policy=profile_x_medium,"['email', 'phone', 'facebook', 'reviews', 'offline_government_id', 'selfie', 'government_id', 'identity_manual', 'work_email']"
730113,3796216,Adriana,https://a0.muscache.com/im/users/3796216/profile_pic/1350107706/original.jpg?aki_policy=profile_x_medium,"['email', 'phone', 'reviews']"
67112,160705,Liz,https://a0.muscache.com/im/users/160705/profile_pic/1295230589/original.jpg?aki_policy=profile_x_medium,"['email', 'phone', 'reviews', 'jumio', 'government_id']"
130970,644516,Mel,https://a0.muscache.com/im/pictures/user/789c20d4-ab5d-4eeb-a25c-d77decee9659.jpg?aki_policy=profile_x_medium,"['email', 'phone', 'facebook', 'reviews', 'jumio', 'offline_government_id', 'selfie', 'government_id', 'identity_manual', 'work_email']"
196170,954703,Diana & Lorenzo,https://a0.muscache.com/im/users/954703/profile_pic/1416132525/original.jpg?aki_policy=profile_x_medium,"['email', 'phone', 'reviews', 'jumio', 'selfie', 'government_id', 'identity_manual']"
286949,1493019,Adrian,https://a0.muscache.com/im/users/1493019/profile_pic/1324456822/original.jpg?aki_policy=profile_x_medium,"['email', 'phone', 'facebook', 'reviews', 'jumio', 'offline_government_id', 'government_id']"
297633,1540160,Linda,https://a0.muscache.com/im/users/1540160/profile_pic/1376531654/original.jpg?aki_policy=profile_x_medium,"['email', 'phone', 'facebook', 'reviews', 'offline_government_id', 'selfie', 'government_id', 'identity_manual']"
324918,1596898,Gretchen,https://a0.muscache.com/im/users/1596898/profile_pic/1326538627/original.jpg?aki_policy=profile_x_medium,"['email', 'phone', 'reviews', 'jumio', 'government_id']"
340563,1727971,Gregory,https://a0.muscache.com/im/users/1727971/profile_pic/1395213953/original.jpg?aki_policy=profile_x_medium,"['email', 'phone', 'reviews']"
355773,27184,Rebecca,https://a0.muscache.com/im/pictures/user/3afc5136-a6ed-4374-8c1d-fb5b090f8316.jpg?aki_policy=profile_x_medium,"['email', 'phone', 'reviews', 'jumio', 'government_id']"
361899,1829259,Martha,https://a0.muscache.com/im/users/1829259/profile_pic/1330500197/original.jpg?aki_policy=profile_x_medium,"['email', 'phone', 'manual_online', 'reviews', 'manual_offline']"
379498,1817516,Micky,https://a0.muscache.com/im/pictures/user/574dbbff-8548-48d7-8815-82a39d537d87.jpg?aki_policy=profile_x_medium,"['email', 'phone', 'reviews', 'jumio', 'offline_government_id', 'government_id', 'work_email']"
413968,2059690,Deyaco,https://a0.muscache.com/im/users/2059690/profile_pic/1333441227/original.jpg?aki_policy=profile_x_medium,"['email', 'phone', 'reviews', 'jumio', 'offline_government_id', 'selfie', 'government_id', 'identity_manual']"
465977,77867,Lindy,https://a0.muscache.com/im/users/77867/profile_pic/1386576211/original.jpg?aki_policy=profile_x_medium,"['email', 'phone', 'reviews', 'manual_offline', 'jumio', 'government_id']"
475557,788899,"Khalid, Felicity, Savi & Yasi",https://a0.muscache.com/im/users/788899/profile_pic/1425527324/original.jpg?aki_policy=profile_x_medium,"['email', 'phone', 'facebook', 'reviews', 'manual_offline', 'jumio', 'government_id']"
589989,2911473,Julian,https://a0.muscache.com/im/users/2911473/profile_pic/1342319530/original.jpg?aki_policy=profile_x_medium,"['email', 'phone', 'facebook', 'reviews', 'jumio', 'offline_government_id', 'government_id', 'work_email']"
622670,3087031,Frances,https://a0.muscache.com/im/users/3087031/profile_pic/1343534421/original.jpg?aki_policy=profile_x_medium,"['email', 'phone', 'reviews', 'jumio', 'offline_government_id', 'selfie', 'government_id', 'identity_manual']"
659320,2911473,Julian,https://a0.muscache.com/im/users/2911473/profile_pic/1342319530/original.jpg?aki_policy=profile_x_medium,"['email', 'phone', 'facebook', 'reviews', 'jumio', 'offline_government_id', 'government_id', 'work_email']"
679121,3456474,Anne & James,https://a0.muscache.com/im/users/3456474/profile_pic/1346677582/original.jpg?aki_policy=profile_x_medium,"['email', 'phone', 'reviews', 'jumio', 'government_id']"
66170,16474,Anand,https://a0.muscache.com/im/users/16474/profile_pic/1259105185/original.jpg?aki_policy=profile_x_medium,"['email', 'phone', 'work_email']"
80470,434914,James,https://a0.muscache.com/im/users/434914/profile_pic/1395377346/original.jpg?aki_policy=profile_x_medium,"['email', 'phone', 'facebook', 'reviews']"
85331,467372,Glenn,https://a0.muscache.com/im/users/467372/profile_pic/1348888359/original.jpg?aki_policy=profile_x_medium,"['email', 'phone', 'reviews', 'jumio', 'offline_government_id', 'selfie', 'government_id', 'identity_manual']"
92853,407155,Nicole,https://a0.muscache.com/im/users/407155/profile_pic/1424609097/original.jpg?aki_policy=profile_x_medium,"['email', 'phone', 'reviews']"
105938,549372,Susanne,https://a0.muscache.com/im/users/549372/profile_pic/1304373291/original.jpg?aki_policy=profile_x_medium,"['email', 'phone', 'reviews', 'jumio', 'government_id']"
143048,688781,Lynn,https://a0.muscache.com/im/pictures/user/d1ac9124-7389-4476-8e0b-e217db48c148.jpg?aki_policy=profile_x_medium,"['email', 'phone', 'reviews', 'jumio', 'government_id']"
200868,972136,Marty,https://a0.muscache.com/im/users/972136/profile_pic/1333604027/original.jpg?aki_policy=profile_x_medium,"['email', 'phone', 'facebook', 'reviews']"
232188,695349,Family Team -,https://a0.muscache.com/im/users/695349/profile_pic/1321178165/original.jpg?aki_policy=profile_x_medium,"['phone', 'reviews', 'offline_government_id', 'government_id']"
257847,1356919,Laelie,https://a0.muscache.com/im/users/1356919/profile_pic/1325912484/original.jpg?aki_policy=profile_x_medium,"['email', 'phone', 'facebook', 'reviews', 'manual_offline', 'jumio', 'government_id']"
262191,1324995,Robert,https://a0.muscache.com/im/users/1324995/profile_pic/1319371289/original.jpg?aki_policy=profile_x_medium,"['email', 'phone', 'reviews', 'jumio', 'government_id']"
264513,1387801,Kristin,https://a0.muscache.com/im/users/1387801/profile_pic/1335178187/original.jpg?aki_policy=profile_x_medium,"['email', 'phone', 'reviews', 'jumio', 'government_id', 'work_email']"
264925,1389838,Sophie & Todd,https://a0.muscache.com/im/users/1389838/profile_pic/1395577213/original.jpg?aki_policy=profile_x_medium,"['email', 'phone', 'facebook', 'reviews', 'jumio', 'government_id']"
288305,1499005,Malou,https://a0.muscache.com/im/pictures/user/acb62e30-a986-4b92-baaf-e2d7b7d6fa84.jpg?aki_policy=profile_x_medium,"['email', 'phone', 'reviews', 'jumio', 'offline_government_id', 'selfie', 'government_id', 'identity_manual', 'work_email']"
290146,113874,Bondi Beach Holiday Homes,https://a0.muscache.com/im/pictures/user/0f19e606-c9c8-4cc8-b0e6-ff5c20d67d94.jpg?aki_policy=profile_x_medium,"['email', 'phone', 'reviews', 'jumio', 'government_id']"
291677,1499246,Coleen,https://a0.muscache.com/im/users/1499246/profile_pic/1324446265/original.jpg?aki_policy=profile_x_medium,"['email', 'phone', 'reviews']"
323999,402292,Helen,https://a0.muscache.com/im/users/402292/profile_pic/1397168958/original.jpg?aki_policy=profile_x_medium,"['email', 'phone', 'reviews', 'jumio', 'government_id']"
329096,1437903,Ruth,https://a0.muscache.com/im/users/1437903/profile_pic/1322105210/original.jpg?aki_policy=profile_x_medium,"['email', 'phone', 'facebook', 'google', 'reviews', 'jumio', 'offline_government_id', 'selfie', 'government_id', 'identity_manual']"
374072,1882151,Pascal,https://a0.muscache.com/im/pictures/user/eb8e8a6a-7f5a-48e9-b4b1-dba2ec009e66.jpg?aki_policy=profile_x_medium,"['email', 'phone', 'facebook', 'reviews', 'jumio', 'government_id']"
397905,1987029,Janice,https://a0.muscache.com/im/pictures/user/ae615ff3-9c26-4e1f-924b-9b16c28fdfc9.jpg?aki_policy=profile_x_medium,"['email', 'phone', 'facebook', 'reviews', 'jumio', 'offline_government_id', 'government_id']"
408200,1499005,Malou,https://a0.muscache.com/im/pictures/user/acb62e30-a986-4b92-baaf-e2d7b7d6fa84.jpg?aki_policy=profile_x_medium,"['email', 'phone', 'reviews', 'jumio', 'offline_government_id', 'selfie', 'government_id', 'identity_manual', 'work_email']"
412078,451946,Rob,https://a0.muscache.com/im/users/451946/profile_pic/1309420595/original.jpg?aki_policy=profile_x_medium,"['email', 'phone', 'reviews', 'offline_government_id', 'selfie', 'government_id']"
446497,2200681,Sarah,https://a0.muscache.com/im/users/2200681/profile_pic/1335317649/original.jpg?aki_policy=profile_x_medium,"['email', 'phone', 'facebook', 'reviews', 'jumio', 'government_id']"
470500,2325533,Stafford & Monique,https://a0.muscache.com/im/users/2325533/profile_pic/1439337324/original.jpg?aki_policy=profile_x_medium,"['email', 'phone', 'reviews', 'jumio', 'offline_government_id', 'government_id']"
503025,589529,Mark & Luce,https://a0.muscache.com/im/pictures/user/8a0e096b-767d-4702-bd18-011bce26c86b.jpg?aki_policy=profile_x_medium,"['email', 'phone', 'facebook', 'google', 'reviews', 'jumio', 'government_id']"
546595,1847265,Vicki,https://a0.muscache.com/im/users/1847265/profile_pic/1330766247/original.jpg?aki_policy=profile_x_medium,"['email', 'phone', 'reviews', 'offline_government_id', 'selfie', 'government_id', 'identity_manual']"
557967,2743479,Anita,https://a0.muscache.com/im/pictures/user/1ccd5e71-eead-484a-8731-83cbca7dd459.jpg?aki_policy=profile_x_medium,"['email', 'phone', 'facebook', 'reviews']"
587669,2908016,Bobbie,https://a0.muscache.com/im/users/2908016/profile_pic/1420747548/original.jpg?aki_policy=profile_x_medium,"['email', 'phone', 'reviews', 'jumio', 'government_id']"
595031,2940156,Sandra-Lee,https://a0.muscache.com/im/users/2940156/profile_pic/1366591808/original.jpg?aki_policy=profile_x_medium,"['email', 'phone', 'reviews', 'jumio', 'offline_government_id', 'selfie', 'government_id']"
637986,2166490,Dan,https://a0.muscache.com/im/users/2166490/profile_pic/1373098573/original.jpg?aki_policy=profile_x_medium,"['email', 'phone', 'facebook', 'reviews', 'jumio', 'government_id', 'work_email']"
642749,3213327,Bronwyn & Ben,https://a0.muscache.com/im/users/3213327/profile_pic/1358587741/original.jpg?aki_policy=profile_x_medium,"['email', 'phone', 'reviews']"
644054,602813,Belinda,https://a0.muscache.com/im/pictures/user/9f0c932d-dbf7-4fef-a2c5-729c371ea26c.jpg?aki_policy=profile_x_medium,"['email', 'phone', 'reviews', 'jumio', 'offline_government_id', 'selfie', 'government_id', 'identity_manual']"
698401,3579902,Esti,https://a0.muscache.com/im/users/3579902/profile_pic/1347775669/original.jpg?aki_policy=profile_x_medium,"['email', 'phone', 'reviews', 'manual_offline', 'jumio', 'government_id']"
703003,3609508,Elise,https://a0.muscache.com/im/pictures/user/fe648efe-0c57-4ade-831d-9406a0fe7d29.jpg?aki_policy=profile_x_medium,"['email', 'phone', 'reviews', 'offline_government_id', 'government_id', 'work_email']"
59297,284711,Isabel,https://a0.muscache.com/im/users/284711/profile_pic/1318677481/original.jpg?aki_policy=profile_x_medium,"['email', 'phone', 'reviews', 'jumio', 'offline_government_id', 'selfie', 'government_id', 'identity_manual']"
68999,333581,Bryan,https://a0.muscache.com/im/users/333581/profile_pic/1294055131/original.jpg?aki_policy=profile_x_medium,"['email', 'phone', 'reviews', 'jumio', 'offline_government_id', 'government_id']"
199043,972136,Marty,https://a0.muscache.com/im/users/972136/profile_pic/1333604027/original.jpg?aki_policy=profile_x_medium,"['email', 'phone', 'facebook', 'reviews']"
225478,1174760,Christian,https://a0.muscache.com/im/users/1174760/profile_pic/1380345823/original.jpg?aki_policy=profile_x_medium,"['email', 'phone', 'reviews']"
255059,1340280,Sally,https://a0.muscache.com/im/users/1340280/profile_pic/1342146380/original.jpg?aki_policy=profile_x_medium,"['phone', 'facebook', 'reviews']"
262192,1324995,Robert,https://a0.muscache.com/im/users/1324995/profile_pic/1319371289/original.jpg?aki_policy=profile_x_medium,"['email', 'phone', 'reviews', 'jumio', 'government_id']"
318591,1634967,Kathy,https://a0.muscache.com/im/users/1634967/profile_pic/1329261317/original.jpg?aki_policy=profile_x_medium,"['email', 'phone', 'reviews', 'jumio', 'government_id']"
330547,1686302,Pierre,https://a0.muscache.com/im/users/1686302/profile_pic/1377429106/original.jpg?aki_policy=profile_x_medium,"['email', 'phone', 'reviews', 'jumio', 'offline_government_id', 'selfie', 'government_id']"
374069,1882142,Paul,https://a0.muscache.com/im/users/1882142/profile_pic/1331204819/original.jpg?aki_policy=profile_x_medium,"['email', 'phone', 'facebook', 'reviews', 'jumio', 'government_id']"
466383,2315641,John,https://a0.muscache.com/im/users/2315641/profile_pic/1411018712/original.jpg?aki_policy=profile_x_medium,"['email', 'phone', 'google', 'reviews', 'jumio', 'government_id']"
562837,2768508,Alister,https://a0.muscache.com/im/pictures/user/7edfe8f7-1ee3-4230-af19-7900461f2e44.jpg?aki_policy=profile_x_medium,"['email', 'phone', 'reviews', 'jumio', 'government_id']"
655236,3296933,Kristen,https://a0.muscache.com/im/users/3296933/profile_pic/1345291918/original.jpg?aki_policy=profile_x_medium,"['email', 'phone', 'facebook', 'reviews', 'jumio', 'offline_government_id', 'government_id']"
665778,3365507,Yolanda,https://a0.muscache.com/im/pictures/user/1febb84e-0ea9-4f18-9fa8-60df1d41fc2e.jpg?aki_policy=profile_x_medium,"['email', 'phone', 'reviews', 'jumio', 'government_id', 'work_email']"
14250,55948,Heidi,https://a0.muscache.com/im/users/55948/profile_pic/1327370146/original.jpg?aki_policy=profile_x_medium,"['email', 'phone', 'reviews', 'jumio', 'offline_government_id', 'government_id']"
45440,201611,Deborah,https://a0.muscache.com/im/pictures/user/5751e664-592c-4f3e-96de-8d154940b363.jpg?aki_policy=profile_x_medium,"['email', 'phone', 'facebook', 'reviews', 'jumio', 'offline_government_id', 'government_id', 'work_email']"
273477,1427173,Liora,https://a0.muscache.com/im/users/1427173/profile_pic/1381978953/original.jpg?aki_policy=profile_x_medium,"['email', 'phone', 'reviews', 'jumio', 'government_id']"
408202,1499005,Malou,https://a0.muscache.com/im/pictures/user/acb62e30-a986-4b92-baaf-e2d7b7d6fa84.jpg?aki_policy=profile_x_medium,"['email', 'phone', 'reviews', 'jumio', 'offline_government_id', 'selfie', 'government_id', 'identity_manual', 'work_email']"
430526,2140264,Craig,https://a0.muscache.com/im/users/2140264/profile_pic/1334441003/original.jpg?aki_policy=profile_x_medium,"['email', 'phone', 'facebook', 'reviews', 'jumio', 'government_id']"
646516,3240886,Lisa,https://a0.muscache.com/im/pictures/user/1d96d178-2159-4409-9214-07c2d97c7c87.jpg?aki_policy=profile_x_medium,"['email', 'phone', 'reviews']"
659009,3046924,Contemporary Hotels,https://a0.muscache.com/im/users/3046924/profile_pic/1436148095/original.jpg?aki_policy=profile_x_medium,"['email', 'phone', 'reviews', 'jumio', 'offline_government_id', 'government_id', 'work_email']"
677546,3446069,Helen,https://a0.muscache.com/im/users/3446069/profile_pic/1346583129/original.jpg?aki_policy=profile_x_medium,"['phone', 'reviews', 'jumio', 'offline_government_id', 'selfie', 'government_id', 'identity_manual']"